student_id,name
S0001,Victoria Campbell
S0002,Gabriel Mitchell
S0003,Grace Thompson
S0004,Emily Smith
S0005,Aubrey Davis
S0006,Isaac Ramirez
S0007,Sofia Johnson
S0008,Aubrey Perez
S0009,Sofia Nelson
S0010,Ella Perez
S0011,Amelia Jones
S0012,Benjamin Rodriguez
S0013,Avery Jones
S0014,Luke Gonzalez
S0015,Evelyn Anderson
S0016,Gabriel Jones
S0017,Samuel Gonzalez
S0018,Sophia Gonzalez
S0019,Elizabeth Hernandez
S0020,Scarlett Hernandez
S0021,Lily Williams
S0022,Harper Brown
S0023,Daniel Nelson
S0024,Amelia Rodriguez
S0025,Benjamin Nguyen
S0026,David Roberts
S0027,Scarlett Hernandez
S0028,William Hernandez
S0029,Jackson Miller
S0030,Anthony White
S0031,David Ramirez
S0032,Mason Ramirez
S0033,Benjamin Thompson
S0034,Mason Robinson
S0035,Avery Jackson
S0036,Michael Walker
S0037,Zoey Ramirez
S0038,Owen Carter
S0039,Alexander Sanchez
S0040,Sophia Davis
S0041,Sophia Scott
S0042,Owen Clark
S0043,Alexander Anderson
S0044,Abigail Brown
S0045,David Martinez
S0046,Joseph Brown
S0047,Matthew Wright
S0048,Aubrey Campbell
S0049,Benjamin Thomas
S0050,Grace Harris
S0051,Victoria Martin
S0052,Sofia Moore
S0053,Michael Nelson
S0054,John Taylor
S0055,Abigail Davis
S0056,Aria Green
S0057,Isabella Nelson
S0058,Jackson Hill
S0059,Matthew White
S0060,William Green
S0061,Ethan Young
S0062,John Hall
S0063,Avery Smith
S0064,Liam Anderson
S0065,Henry Campbell
S0066,Grace Martinez
S0067,David Ramirez
S0068,Sophia Hall
S0069,Joseph Lopez
S0070,Emma Hill
S0071,Henry Wright
S0072,Benjamin Mitchell
S0073,Mason Gonzalez
S0074,Aubrey Walker
S0075,Sophia Anderson
S0076,Logan Wright
S0077,Alexander Green
S0078,Ava Lee
S0079,Daniel Hall
S0080,Dylan Miller
S0081,Gabriel Johnson
S0082,Matthew Robinson
S0083,Riley Martin
S0084,Sophia Rodriguez
S0085,Elizabeth Taylor
S0086,Liam Thomas
S0087,Dylan Nguyen
S0088,Luke Martin
S0089,Riley Martin
S0090,Scarlett Davis
S0091,Aubrey Lee
S0092,John Nelson
S0093,Jackson Lee
S0094,Lily Scott
S0095,William Young
S0096,Sophia Sanchez
S0097,Mia Thompson
S0098,Elizabeth Wright
S0099,James Rodriguez
S0100,Zoey Wright
S0101,Noah Garcia
S0102,Emma Miller
S0103,Elizabeth Miller
S0104,Lily Flores
S0105,Olivia Rodriguez
S0106,Luke Hernandez
S0107,Logan Baker
S0108,Henry Carter
S0109,Samuel Green
S0110,Aubrey Nelson
S0111,Owen Miller
S0112,Henry Baker
S0113,Mia Martin
S0114,Ella Gonzalez
S0115,Owen Thomas
S0116,Emma Lee
S0117,Ethan Johnson
S0118,Ella Harris
S0119,Logan Wilson
S0120,Chloe Jones
S0121,Charlotte Wilson
S0122,James Perez
S0123,Samuel Miller
S0124,Benjamin Williams
S0125,Benjamin Martin
S0126,Joseph Ramirez
S0127,Lily Anderson
S0128,Elizabeth Moore
S0129,Harper Wilson
S0130,David Anderson
S0131,Samuel Anderson
S0132,Harper Clark
S0133,Owen Mitchell
S0134,Ella Flores
S0135,David Anderson
S0136,Emily Jackson
S0137,Michael Moore
S0138,Anthony Campbell
S0139,Zoey Thompson
S0140,Daniel Mitchell
S0141,Matthew Rodriguez
S0142,Emma Martinez
S0143,Jackson King
S0144,Jackson Wright
S0145,Logan Adams
S0146,William Green
S0147,Emma Sanchez
S0148,Matthew Clark
S0149,Mia Nguyen
S0150,Elizabeth Martinez
S0151,Charlotte Carter
S0152,Noah Thompson
S0153,Ella King
S0154,William Lopez
S0155,Mason Williams
S0156,Charlotte Jones
S0157,Dylan Hill
S0158,Matthew Sanchez
S0159,Olivia Gonzalez
S0160,Sophia Moore
S0161,Elizabeth Jackson
S0162,Lucas Rivera
S0163,Alexander Miller
S0164,Ella Roberts
S0165,Charlotte Thompson
S0166,Sofia Brown
S0167,Isabella Miller
S0168,Isaac Ramirez
S0169,Ethan Mitchell
S0170,Benjamin Brown
S0171,Avery Hill
S0172,Ethan Young
S0173,Joseph Davis
S0174,Samuel Clark
S0175,Noah Flores
S0176,William Roberts
S0177,Zoey Rivera
S0178,Charlotte Perez
S0179,Michael Sanchez
S0180,Lucas Thomas
S0181,Avery Perez
S0182,Samuel Adams
S0183,Avery Jackson
S0184,Olivia Flores
S0185,Mason King
S0186,Isaac Moore
S0187,Michael Harris
S0188,Ella Flores
S0189,Abigail Torres
S0190,Zoey Baker
S0191,Aubrey Anderson
S0192,Gabriel Jones
S0193,Lucas Wright
S0194,William Mitchell
S0195,Emily Wilson
S0196,Riley Smith
S0197,Dylan Johnson
S0198,Alexander Hill
S0199,Noah Baker
S0200,Amelia Baker
S0201,Evelyn Brown
S0202,Evelyn Johnson
S0203,Isaac Hernandez
S0204,Samuel Roberts
S0205,Sophia Miller
S0206,Lucas Gonzalez
S0207,Luke Lee
S0208,Henry Thompson
S0209,Emily White
S0210,Joseph Baker
S0211,Anthony Hill
S0212,Ethan Allen
S0213,Sofia Miller
S0214,Emily Robinson
S0215,Aubrey Walker
S0216,Sofia Wilson
S0217,Avery Brown
S0218,Ella Hall
S0219,Ethan Jackson
S0220,Grace Williams
S0221,Riley Garcia
S0222,Victoria Hill
S0223,Liam Moore
S0224,Victoria Smith
S0225,Elizabeth Perez
S0226,Isabella Wilson
S0227,Gabriel Anderson
S0228,Samuel Green
S0229,Joseph Anderson
S0230,Lily Gonzalez
S0231,Benjamin Perez
S0232,Mia Williams
S0233,Anthony Baker
S0234,Daniel Garcia
S0235,Owen Smith
S0236,William Gonzalez
S0237,Aria Torres
S0238,Michael Campbell
S0239,Anthony Wright
S0240,Abigail Martin
S0241,Riley Clark
S0242,Emma Smith
S0243,Avery Taylor
S0244,Aria Moore
S0245,Aria Hill
S0246,Mason Roberts
S0247,Ethan Baker
S0248,Lily Scott
S0249,Isabella Ramirez
S0250,William Moore
S0251,Isabella Perez
S0252,Benjamin Ramirez
S0253,Elizabeth Nelson
S0254,Mia Martin
S0255,James Taylor
S0256,Daniel Miller
S0257,Lucas Thomas
S0258,James Nguyen
S0259,Henry Robinson
S0260,Logan White
S0261,Gabriel Baker
S0262,Grace Martin
S0263,Anthony Smith
S0264,Sofia Anderson
S0265,Luke Lopez
S0266,Samuel Johnson
S0267,Aria Martin
S0268,Sofia Adams
S0269,Liam Brown
S0270,Benjamin Smith
S0271,Elizabeth Lopez
S0272,Jackson Perez
S0273,John Thomas
S0274,Isaac Gonzalez
S0275,Henry Mitchell
S0276,Emma Martinez
S0277,Ethan Lewis
S0278,Benjamin Wright
S0279,Charlotte Rivera
S0280,Charlotte Clark
S0281,William Brown
S0282,Lily Gonzalez
S0283,Avery Lopez
S0284,Mia Nguyen
S0285,Anthony Wright
S0286,Emily Thompson
S0287,Sophia Taylor
S0288,Samuel Wilson
S0289,Liam Sanchez
S0290,Matthew Roberts
S0291,Victoria Johnson
S0292,William White
S0293,Lucas Perez
S0294,Lucas Johnson
S0295,Avery Clark
S0296,Jackson Davis
S0297,Anthony Clark
S0298,Zoey Mitchell
S0299,Mason Clark
S0300,Daniel Flores
S0301,Henry Gonzalez
S0302,Grace Hall
S0303,Ella Martinez
S0304,David Clark
S0305,Chloe Young
S0306,Zoey Hernandez
S0307,Gabriel Hall
S0308,Liam Allen
S0309,Noah Lewis
S0310,Scarlett King
S0311,Amelia Ramirez
S0312,Logan Hernandez
S0313,Ava Lee
S0314,Dylan Clark
S0315,Emma Garcia
S0316,Lucas Harris
S0317,Alexander Martinez
S0318,Lily Allen
S0319,Liam Walker
S0320,Scarlett Wilson
S0321,Charlotte Campbell
S0322,Charlotte Adams
S0323,Aria Roberts
S0324,Luke Baker
S0325,Amelia Lee
S0326,Henry Flores
S0327,Owen Green
S0328,Mia Jones
S0329,Ethan Perez
S0330,Henry Miller
S0331,Harper Green
S0332,Abigail Walker
S0333,William Allen
S0334,Jackson Hernandez
S0335,Scarlett Taylor
S0336,David Allen
S0337,Scarlett Baker
S0338,Joseph Mitchell
S0339,Harper Adams
S0340,Aubrey Lewis
S0341,Harper Lee
S0342,Harper Garcia
S0343,Sofia Lopez
S0344,Mason Ramirez
S0345,Logan Torres
S0346,Abigail Carter
S0347,Gabriel Anderson
S0348,Lily Jackson
S0349,Harper Lopez
S0350,Chloe Brown
S0351,Harper Miller
S0352,Logan Young
S0353,Olivia Green
S0354,Emily Moore
S0355,Anthony Anderson
S0356,Isaac Torres
S0357,Luke Taylor
S0358,David Wright
S0359,Elizabeth Young
S0360,Joseph Green
S0361,Scarlett Thompson
S0362,Ella Clark
S0363,Scarlett Ramirez
S0364,Olivia Martin
S0365,Emma Gonzalez
S0366,Anthony Green
S0367,Abigail Rodriguez
S0368,Charlotte Green
S0369,Jackson Clark
S0370,Dylan Williams
S0371,Matthew Jackson
S0372,Sofia Martin
S0373,Gabriel Brown
S0374,Riley Lopez
S0375,Aubrey Ramirez
S0376,Lucas Brown
S0377,Chloe Wright
S0378,Abigail Jones
S0379,Gabriel Hall
S0380,Aria Flores
S0381,Ella Robinson
S0382,Chloe Scott
S0383,Alexander Johnson
S0384,Ethan Miller
S0385,Liam Smith
S0386,Lucas Clark
S0387,Avery Garcia
S0388,Logan Roberts
S0389,Mason Hernandez
S0390,William Torres
S0391,Dylan Torres
S0392,Isabella Scott
S0393,Elizabeth Scott
S0394,Joseph Brown
S0395,Mason Jackson
S0396,Sofia Robinson
S0397,Isaac Lewis
S0398,Anthony Lewis
S0399,Mia King
S0400,Victoria Taylor
S0401,Owen Wright
S0402,Matthew Thomas
S0403,Abigail Moore
S0404,Aria Clark
S0405,Avery Rodriguez
S0406,Michael Rodriguez
S0407,Abigail Young
S0408,Mason Walker
S0409,Isaac Hernandez
S0410,Ethan Martinez
S0411,Grace Hernandez
S0412,Aria Clark
S0413,Harper Flores
S0414,Emma Jackson
S0415,Avery Roberts
S0416,Sophia Hall
S0417,Joseph Wilson
S0418,Chloe Jones
S0419,Matthew White
S0420,Emma Nelson
S0421,Matthew Torres
S0422,Zoey Taylor
S0423,Ava Roberts
S0424,James Perez
S0425,Luke Walker
S0426,Victoria Wright
S0427,Elizabeth Hall
S0428,Ella Taylor
S0429,Grace Rivera
S0430,Anthony Rivera
S0431,Luke Anderson
S0432,Mia Rivera
S0433,William Allen
S0434,Emily Lopez
S0435,Olivia Taylor
S0436,Owen Hernandez
S0437,Henry Ramirez
S0438,Lily Hall
S0439,Lily Smith
S0440,Alexander Thomas
S0441,Alexander Allen
S0442,Victoria Anderson
S0443,Benjamin King
S0444,Noah Baker
S0445,Chloe Taylor
S0446,Matthew Martinez
S0447,Lucas King
S0448,Ava Allen
S0449,James Nguyen
S0450,Samuel Carter
S0451,Scarlett Walker
S0452,Michael Young
S0453,Emily Miller
S0454,Harper Clark
S0455,Joseph Rivera
S0456,Zoey Martinez
S0457,Daniel Sanchez
S0458,Henry Ramirez
S0459,Benjamin Rivera
S0460,Zoey Davis
S0461,Isaac Garcia
S0462,Grace Mitchell
S0463,Sofia Mitchell
S0464,Sofia Moore
S0465,Grace Nelson
S0466,Lucas Gonzalez
S0467,Matthew Flores
S0468,Aria Nguyen
S0469,Jackson Hernandez
S0470,Lily Walker
S0471,Ethan Harris
S0472,Charlotte Davis
S0473,Isabella Hernandez
S0474,Benjamin Martinez
S0475,Liam Hall
S0476,Olivia Johnson
S0477,Charlotte Scott
S0478,Ava Green
S0479,John Hill
S0480,William Lopez
S0481,Matthew Harris
S0482,Samuel Mitchell
S0483,Alexander Campbell
S0484,Luke Wilson
S0485,Lucas Lopez
S0486,Owen Walker
S0487,Joseph Roberts
S0488,Jackson Young
S0489,Olivia Adams
S0490,Gabriel Hernandez
S0491,Isabella Harris
S0492,Sofia Allen
S0493,Riley Martin
S0494,Emma Hill
S0495,Elizabeth Rivera
S0496,Lily Brown
S0497,Mia Martin
S0498,William Flores
S0499,Owen Rivera
S0500,Victoria Miller
S0501,Isabella Taylor
S0502,Alexander Hernandez
S0503,Mia Carter
S0504,Aria Hall
S0505,Mia Clark
S0506,Emma Wright
S0507,Isabella Lewis
S0508,David Adams
S0509,Jackson Lee
S0510,Grace Martin
S0511,William Lewis
S0512,William Taylor
S0513,Isabella Johnson
S0514,Owen Miller
S0515,Elizabeth Hall
S0516,Elizabeth Smith
S0517,William Thomas
S0518,John Roberts
S0519,Riley Harris
S0520,Mia Robinson
S0521,Lily Ramirez
S0522,Daniel Johnson
S0523,Joseph Thompson
S0524,Harper Harris
S0525,Owen Davis
S0526,Victoria Sanchez
S0527,Emma Campbell
S0528,Evelyn Moore
S0529,Michael Hill
S0530,Liam White
S0531,Liam Jones
S0532,Lily Wright
S0533,Lily Carter
S0534,Ella Scott
S0535,Noah Wilson
S0536,John Smith
S0537,Abigail Davis
S0538,Joseph Lewis
S0539,Aria Hill
S0540,Joseph Hernandez
S0541,Luke Torres
S0542,Chloe Green
S0543,Emily Anderson
S0544,David Johnson
S0545,Harper Taylor
S0546,Avery Carter
S0547,Michael Jackson
S0548,Benjamin Baker
S0549,Harper Nelson
S0550,Luke Moore
S0551,Liam Rivera
S0552,Noah Sanchez
S0553,Alexander Moore
S0554,Evelyn Perez
S0555,Emily Young
S0556,Victoria Carter
S0557,Mia Martin
S0558,James Sanchez
S0559,Amelia Davis
S0560,Isabella Ramirez
S0561,Ethan Hernandez
S0562,David Carter
S0563,Aria Lewis
S0564,Dylan Ramirez
S0565,Samuel Harris
S0566,Riley Perez
S0567,Dylan Smith
S0568,Abigail Martinez
S0569,Lily King
S0570,Aubrey Scott
S0571,Gabriel Johnson
S0572,Evelyn Adams
S0573,James Jackson
S0574,David Wilson
S0575,Alexander Lee
S0576,Noah Adams
S0577,Liam Ramirez
S0578,Sofia Gonzalez
S0579,Isaac King
S0580,Mia Scott
S0581,Sofia Brown
S0582,Olivia Green
S0583,David Ramirez
S0584,William Campbell
S0585,Emma Nguyen
S0586,Aubrey Wright
S0587,Riley Smith
S0588,John Flores
S0589,Olivia Miller
S0590,Scarlett Walker
S0591,Joseph Hernandez
S0592,Luke Brown
S0593,Jackson Campbell
S0594,Anthony Lewis
S0595,Charlotte Scott
S0596,Aubrey Walker
S0597,Lily Johnson
S0598,Alexander Smith
S0599,Abigail Campbell
S0600,Daniel Adams
S0601,Liam Miller
S0602,Ethan Clark
S0603,Isabella White
S0604,Olivia Adams
S0605,Aubrey Scott
S0606,Elizabeth Robinson
S0607,Alexander Mitchell
S0608,Harper Wilson
S0609,Michael Thompson
S0610,Evelyn Taylor
S0611,Charlotte Torres
S0612,Mason Hall
S0613,Dylan Wright
S0614,Aubrey Hill
S0615,Avery Garcia
S0616,Avery White
S0617,Isabella Garcia
S0618,Riley Carter
S0619,Sofia Williams
S0620,Amelia Lewis
S0621,Evelyn Anderson
S0622,Matthew White
S0623,Aria Young
S0624,Charlotte Hill
S0625,Zoey Young
S0626,Joseph White
S0627,Isabella Rivera
S0628,Aria White
S0629,Benjamin Wright
S0630,Henry Thompson
S0631,Henry Harris
S0632,William Flores
S0633,Isabella Smith
S0634,Amelia Garcia
S0635,Zoey Hall
S0636,Michael Allen
S0637,Joseph Rivera
S0638,Sophia Miller
S0639,Emma Adams
S0640,Grace Williams
S0641,Liam Martin
S0642,Jackson Robinson
S0643,Elizabeth Torres
S0644,Victoria Nelson
S0645,Henry Sanchez
S0646,Grace White
S0647,Joseph Mitchell
S0648,Isabella Wright
S0649,Noah Harris
S0650,David Williams
S0651,Samuel Baker
S0652,Liam Johnson
S0653,Ethan Johnson
S0654,Jackson Martin
S0655,Isaac Hernandez
S0656,Isaac Wilson
S0657,Harper Moore
S0658,Alexander Taylor
S0659,Mia Taylor
S0660,Isaac Wright
S0661,Aria Allen
S0662,Noah Sanchez
S0663,Henry Jones
S0664,Samuel King
S0665,Lucas Walker
S0666,Evelyn Nelson
S0667,Lucas Nguyen
S0668,Luke Wright
S0669,Dylan Robinson
S0670,James Wilson
S0671,Henry Johnson
S0672,Olivia Rivera
S0673,John Perez
S0674,Olivia Nguyen
S0675,Luke Young
S0676,Matthew Clark
S0677,Amelia Hill
S0678,Sofia Taylor
S0679,Alexander Johnson
S0680,Amelia Davis
S0681,Liam Scott
S0682,Jackson Thomas
S0683,Lucas Baker
S0684,Ella Rivera
S0685,Benjamin Jones
S0686,John Taylor
S0687,Riley Walker
S0688,Daniel Taylor
S0689,Zoey Moore
S0690,John Green
S0691,Lily White
S0692,Aria Sanchez
S0693,John Young
S0694,Amelia Lee
S0695,Michael Torres
S0696,Noah Thomas
S0697,Lucas Roberts
S0698,David Taylor
S0699,Jackson Young
S0700,Aubrey Thomas
S0701,James Thompson
S0702,Aria Flores
S0703,Jackson Nelson
S0704,Daniel White
S0705,Isaac Smith
S0706,Anthony Garcia
S0707,Michael Martin
S0708,Alexander Sanchez
S0709,Michael Taylor
S0710,Olivia Allen
S0711,Matthew Flores
S0712,Grace Rivera
S0713,Anthony Ramirez
S0714,Harper White
S0715,Noah Baker
S0716,Ethan Nguyen
S0717,Liam Robinson
S0718,Ethan Davis
S0719,Grace Walker
S0720,Riley Mitchell
S0721,Daniel Clark
S0722,Noah Hill
S0723,Grace Brown
S0724,Abigail Harris
S0725,Joseph Campbell
S0726,Zoey Williams
S0727,David Allen
S0728,Zoey Perez
S0729,Sophia Miller
S0730,Emily Adams
S0731,Joseph King
S0732,Elizabeth Flores
S0733,Sofia Hall
S0734,Abigail Robinson
S0735,Amelia Hill
S0736,James Jones
S0737,Alexander King
S0738,Luke Anderson
S0739,Daniel Lopez
S0740,Lily Garcia
S0741,John Campbell
S0742,Noah Rodriguez
S0743,Michael Walker
S0744,William Taylor
S0745,Joseph Allen
S0746,Benjamin Hall
S0747,Aria Baker
S0748,Ella Scott
S0749,Sofia Williams
S0750,Olivia Thomas
S0751,Grace Martin
S0752,Charlotte Johnson
S0753,Liam Flores
S0754,Daniel Campbell
S0755,Avery Wright
S0756,Grace Wilson
S0757,Mia Wilson
S0758,Elizabeth Wright
S0759,John Anderson
S0760,Harper Rivera
S0761,Noah Nelson
S0762,Emma Torres
S0763,Anthony Nelson
S0764,Alexander Taylor
S0765,Samuel Gonzalez
S0766,Victoria Davis
S0767,Liam Allen
S0768,Henry Perez
S0769,Avery Thomas
S0770,Henry Carter
S0771,Daniel Davis
S0772,Alexander Anderson
S0773,Sofia Gonzalez
S0774,Ethan Robinson
S0775,Harper Rivera
S0776,Avery Roberts
S0777,Aria Mitchell
S0778,Amelia Williams
S0779,John Lopez
S0780,Olivia Young
S0781,Sofia Flores
S0782,Evelyn Smith
S0783,Evelyn Gonzalez
S0784,Noah Rodriguez
S0785,Avery Davis
S0786,Matthew Scott
S0787,Charlotte Baker
S0788,Sophia Scott
S0789,Dylan Sanchez
S0790,Avery Hernandez
S0791,Chloe Campbell
S0792,Owen Torres
S0793,Isaac Torres
S0794,Owen Rodriguez
S0795,Zoey Moore
S0796,Matthew Miller
S0797,Sofia Torres
S0798,Evelyn Taylor
S0799,Emily Hill
S0800,Isaac Carter
S0801,Isabella Carter
S0802,Mia Martin
S0803,Daniel Hernandez
S0804,Aubrey Rivera
S0805,Abigail Miller
S0806,Amelia Clark
S0807,Isaac Thompson
S0808,Evelyn White
S0809,Riley Hall
S0810,Emily Mitchell
S0811,Charlotte Rodriguez
S0812,Aubrey Baker
S0813,Grace Williams
S0814,Isabella Roberts
S0815,Luke Martinez
S0816,Gabriel Thompson
S0817,Scarlett Lopez
S0818,Emma Flores
S0819,Owen Clark
S0820,Elizabeth Martinez
S0821,Ethan King
S0822,Olivia Carter
S0823,Benjamin Hill
S0824,Amelia Anderson
S0825,Zoey Baker
S0826,Aria White
S0827,Owen Miller
S0828,Sophia Hill
S0829,Isaac Gonzalez
S0830,Isaac Wright
S0831,Owen King
S0832,Victoria Campbell
S0833,Olivia Thompson
S0834,Noah Williams
S0835,Amelia Harris
S0836,Alexander Rivera
S0837,Elizabeth Smith
S0838,Liam Thompson
S0839,Elizabeth Thomas
S0840,Jackson Davis
S0841,Grace Hall
S0842,Emma King
S0843,Mia Davis
S0844,Lucas Wright
S0845,Gabriel Walker
S0846,James Anderson
S0847,Liam Campbell
S0848,Emily Allen
S0849,Isabella Flores
S0850,Harper Adams
S0851,Emma Sanchez
S0852,Aubrey Green
S0853,Sofia Gonzalez
S0854,Evelyn Gonzalez
S0855,Sophia Rivera
S0856,Abigail Adams
S0857,Olivia Lopez
S0858,Daniel Martin
S0859,Ella Allen
S0860,Daniel Lee
S0861,Mia Torres
S0862,Sofia King
S0863,Dylan Adams
S0864,Sophia Torres
S0865,Jackson Thomas
S0866,Harper Taylor
S0867,Scarlett Garcia
S0868,Isaac Campbell
S0869,Isaac Garcia
S0870,Harper Jones
S0871,Logan Smith
S0872,Dylan Campbell
S0873,Michael Johnson
S0874,Samuel Nguyen
S0875,Benjamin Garcia
S0876,Anthony Smith
S0877,Ella Harris
S0878,Chloe Green
S0879,Dylan Lopez
S0880,Benjamin Anderson
S0881,Abigail Martinez
S0882,Zoey Perez
S0883,Samuel Moore
S0884,Anthony Smith
S0885,Scarlett Rivera
S0886,Harper Lopez
S0887,Ella Williams
S0888,Noah Scott
S0889,Amelia Flores
S0890,Dylan Wilson
S0891,Avery Walker
S0892,Anthony Gonzalez
S0893,Emma Hill
S0894,Henry Wilson
S0895,Grace Perez
S0896,David Young
S0897,Scarlett Nelson
S0898,Aubrey Brown
S0899,Aria Robinson
S0900,John Baker
S0901,Alexander Anderson
S0902,Liam Miller
S0903,Elizabeth Jackson
S0904,Ella Miller
S0905,Dylan Sanchez
S0906,Anthony Allen
S0907,Charlotte Gonzalez
S0908,Owen Davis
S0909,Daniel Garcia
S0910,Sofia Lopez
S0911,Liam Campbell
S0912,Jackson King
S0913,Elizabeth Anderson
S0914,Isaac Roberts
S0915,Emma Gonzalez
S0916,Ava Walker
S0917,Mason Martin
S0918,Elizabeth Hall
S0919,James Hall
S0920,Jackson White
S0921,Amelia Clark
S0922,Emily Johnson
S0923,Gabriel Hill
S0924,Mia Nguyen
S0925,Zoey Rodriguez
S0926,James Sanchez
S0927,Gabriel Roberts
S0928,Alexander Green
S0929,Olivia Lopez
S0930,Ethan Green
S0931,Isaac Harris
S0932,David Jackson
S0933,Victoria Thompson
S0934,Emma Baker
S0935,James Smith
S0936,James Davis
S0937,Samuel Thompson
S0938,Harper Allen
S0939,Sofia Baker
S0940,Dylan Thomas
S0941,Dylan Lee
S0942,Noah Miller
S0943,Michael Clark
S0944,Matthew White
S0945,Olivia Flores
S0946,Harper Anderson
S0947,Ethan Martin
S0948,Ethan Mitchell
S0949,Daniel Baker
S0950,Aria Scott
S0951,Isabella Hall
S0952,Chloe Brown
S0953,Ethan Walker
S0954,Samuel Nguyen
S0955,Victoria Green
S0956,Riley Allen
S0957,Emily Baker
S0958,Olivia Williams
S0959,Logan Johnson
S0960,Riley Taylor
S0961,Aubrey Sanchez
S0962,Mason Miller
S0963,Dylan Adams
S0964,Lucas Gonzalez
S0965,Lily Moore
S0966,Sophia Baker
S0967,Lucas Thompson
S0968,Mason Clark
S0969,Olivia Flores
S0970,Abigail Torres
S0971,Abigail Davis
S0972,Joseph Harris
S0973,Luke Clark
S0974,Abigail Brown
S0975,Owen Campbell
S0976,Ava Hill
S0977,Henry Lopez
S0978,Charlotte Roberts
S0979,Abigail Martin
S0980,Henry Baker
S0981,Charlotte Lewis
S0982,Luke Sanchez
S0983,Joseph Jones
S0984,Zoey Nguyen
S0985,Emma Adams
S0986,Logan Thomas
S0987,Samuel Miller
S0988,William Roberts
S0989,Noah Hill
S0990,Amelia Brown
S0991,Noah Wright
S0992,Victoria Young
S0993,Chloe King
S0994,Sophia Davis
S0995,Olivia Gonzalez
S0996,Lily Jackson
S0997,Noah Flores
S0998,Charlotte Roberts
S0999,Luke Rivera
S1000,Henry Robinson
